feature,importance
packet_count,0.2644145751507754
flow_rate,0.262099413132225
dst_bytes,0.24404238566954853
duration,0.1923596723504573
src_bytes,0.03616500083117442
error_rate,0.0009189528658192944
